Neochlamydia,Legionella,Sample_name,Samples,Legionella.pneumophila.ddPCR..copies.mL.,Neochlamydia.ddPCR..copies.mL.,# label,Primer Number,Golay barcode,Water,Iron,Sampling,Pipe,Copper,Soluble_copper,Copper_from_did,sample-id,non-chimeric
0,0.007685185,D1_20,FB,,,20,515rcbc20,GCCTATGAGATC,NA,NA,Filter,NA,NA,NA,NA,GSC22365-D120,10800
0,0.000146556,D1_21,FXCC F,0,5.716182788,21,515rcbc21,CAAGTGAAGGGA,Flint,None added,Filter,Copper,1000,880,700,GSC22366-D121,40940
0,0.000703482,D1_22,FXBC F,393.7758255,47.80688584,22,515rcbc22,CACGTTTATTCC,Flint,None added,Filter,Copper,1000,880,700,GSC22367-D122,48331
0,0.011048243,D1_23,FXBP F,4.28949972,183.394893,23,515rcbc23,TAATCGGTGCCA,Flint,None added,Filter,PEX,10,8.9,7,GSC22368-D123,33580
7.42E-05,0.003783453,D1_24,FXAP F,5.320988496,139.5128051,24,515rcbc24,TGACTAATGGCC,Flint,None added,Filter,PEX,10,8.9,7,GSC22369-D124,53919
0,0.00384094,D1_25,FPAC F,7.517479658,42.82143911,25,515rcbc25,CGGGACACCCGA,Flint,Ferric Pyrophosphate,Filter,Copper,1900,680,700,GSC22370-D125,30982
0.000169654,0.007182039,D1_26,FXCP F,16.65852706,819.9400584,26,515rcbc26,CTGTCTATACTA,Flint,None added,Filter,PEX,10,8.9,7,GSC22371-D126,53049
0,0.000166994,D1_27,FPCC F,37.54169623,82.09355871,27,515rcbc27,TATGCCAGAGAT,Flint,Ferric Pyrophosphate,Filter,Copper,1900,680,700,GSC22372-D127,47906
0,0.000910046,D1_28,FPBC F,450.7537079,9.079084794,28,515rcbc28,CGTTTGGAATGA,Flint,Ferric Pyrophosphate,Filter,Copper,1900,680,700,GSC22373-D128,42855
0.000187561,0.002925951,D1_29,FPAP F,5.329120755,97.90811141,29,515rcbc29,AAGAACTCATGA,Flint,Ferric Pyrophosphate,Filter,PEX,7.7,7,7,GSC22374-D129,26658
0.000130166,0.003232455,D1_30,FPBP F,13.11363935,869.1248894,30,515rcbc30,TGATATCGTCTT,Flint,Ferric Pyrophosphate,Filter,PEX,7.7,7,NA,GSC22375-D130,46095
8.83E-05,0.005101365,D1_31,FPCP F,29.22626813,591.449515,31,515rcbc31,CGGTGACCTACT,Flint,Ferric Pyrophosphate,Filter,PEX,7.7,7,7,GSC22376-D131,45282
0,0.001616031,D1_32,F2AC F,88.16407522,3.625836372,32,515rcbc32,AATGCGCGTATA,Flint,Ferrous Chloride,Filter,Copper,2300,950,700,GSC22377-D132,37128
0,0.000554892,D1_33,F2BC F,39.50768471,5.400740703,33,515rcbc33,CTTGATTCTTGA,Flint,Ferrous Chloride,Filter,Copper,2300,950,700,GSC22378-D133,70284
0,0.001331344,D1_34,F2CC F,72.7345403,6.616544922,34,515rcbc34,GAAATCTTGAAG,Flint,Ferrous Chloride,Filter,Copper,2300,950,700,GSC22379-D134,68352
3.89E-05,0.00654091,D1_35,F2AP F,7.738822699,972.4666913,35,515rcbc35,GAGATACAGTTC,Flint,Ferrous Chloride,Filter,PEX,86,40,25,GSC22380-D135,51369
0,0.00399186,D1_36,F2BP F,12.12734183,575.1833439,36,515rcbc36,GTGGAGTCTCAT,Flint,Ferrous Chloride,Filter,PEX,86,40,25,GSC22381-D136,51104
6.31E-05,0.005019019,D1_37,F2CP F,3.4968702,281.1150551,37,515rcbc37,ACCTTACACCTT,Flint,Ferrous Chloride,Filter,PEX,86,40,25,GSC22382-D137,63359
0,0.000125016,D1_38,F3AC F,169.3857129,62.77036866,38,515rcbc38,TAATCTCGCCGG,Flint,Ferric Chloride,Filter,Copper,2200,680,700,GSC22383-D138,47994
0,0.000346957,D1_39,F3BC F,16.87481364,11.36288166,39,515rcbc39,ATCTAGTGGCAA,Flint,Ferric Chloride,Filter,Copper,2200,680,700,GSC22384-D139,72055
0,0.000587002,D1_40,F3CC F,14.82951085,30.73550264,40,515rcbc40,ACGCTTAACGAC,Flint,Ferric Chloride,Filter,Copper,2200,680,700,GSC22385-D140,59625
0,0.002094695,D1_41,F3AP F,7.388189236,606.8534215,41,515rcbc41,TACGGATTATGG,Flint,Ferric Chloride,Filter,PEX,11,8.2,7,GSC22386-D141,55378
0,0.002619357,D1_42,F3BP F,0,2391.600164,42,515rcbc42,ATACATGCAAGA,Flint,Ferric Chloride,Filter,PEX,11,8.2,7,GSC22387-D142,82463
0,0.002101608,D1_43,F3CP F,3.236582279,1707.376925,43,515rcbc43,CTTAGTGCAGAA,Flint,Ferric Chloride,Filter,PEX,11,8.2,7,GSC22388-D143,76608
0,0.002454418,D1_44,DXAC F,19.56390619,3.603554964,44,515rcbc44,AATCTTGCGCCG,Detroit,None added,Filter,Copper,1300,130,130,GSC22389-D144,37076
0,0.00062204,D1_45,DXBC F,25.8720088,167.7789172,45,515rcbc45,AGGATCAGGGAA,Detroit,None added,Filter,Copper,1300,130,130,GSC22390-D145,49836
0.00041289,0.001527695,D1_48,DXBP F,3.516881069,356.989797,48,515rcbc48,TGATGTGCTAAG,Detroit,None added,Filter,PEX,52,15,25,GSC22393-D148,48439
0.000249252,0.001859805,D1_49,DXCP F,24.33173577,134.6446037,49,515rcbc49,GTAGTAGACCAT,Detroit,None added,Filter,PEX,52,15,25,GSC22394-D149,52156
0,0.000879729,D1_50,DFAC F,280.5817159,3430.889511,50,515rcbc50,AGTAAAGATCGT,Detroit,Ferric Pyrophosphate,Filter,Copper,1300,130,130,GSC22395-D150,47742
0,0.000343385,D1_51,DFBC F,98.20603371,4020.362854,51,515rcbc51,CTCGCCCTCGCC,Detroit,Ferric Pyrophosphate,Filter,Copper,1300,130,130,GSC22396-D151,32034
0.000482821,4.67E-05,D1_54,DFBP F,9.56854701,2024.657822,54,515rcbc54,GTTGATACGATG,Detroit,Ferric Pyrophosphate,Filter,PEX,120,20,25,GSC22399-D154,64206
0.001593308,0.001575202,D1_55,DFCP F,3.264320691,388.0026499,55,515rcbc55,GTCAACGCTGTC,Detroit,Ferric Pyrophosphate,Filter,PEX,120,20,25,GSC22400-D155,55231
0,0.002196266,D1_56,FXBC S,,,56,515rcbc56,TGAGACCCTACA,Flint,None added,Swab,Copper,1000,880,700,GSC22401-D156,10017
0,0,D1_57,FXCC S,,,57,515rcbc57,ACTTGGTGTAAG,Flint,None added,Swab,Copper,1000,880,700,GSC22402-D157,31527
0,0.001396041,D1_58,FXAP S,,,58,515rcbc58,ATTACGTATCAT,Flint,None added,Swab,PEX,10,8.9,7,GSC22403-D158,32234
0.000227363,0.001023134,D1_59,FXBP S,,,59,515rcbc59,CACGCAGTCTAC,Flint,None added,Swab,PEX,10,8.9,7,GSC22404-D159,35186
0.00044096,0.001298383,D1_60,FXCP S,,,60,515rcbc60,TGTGCACGCCAT,Flint,None added,Swab,PEX,10,8.9,7,GSC22405-D160,40820
0,0.002017575,D1_61,FPAC S,,,61,515rcbc61,CCGGACAAGAAG,Flint,Ferric Pyrophosphate,Swab,Copper,1900,680,700,GSC22406-D161,22304
0.001385042,0.001513883,D1_65,FPBP S,,,65,515rcbc65,CAAACGCACTAA,Flint,Ferric Pyrophosphate,Swab,PEX,7.7,7,NA,GSC22410-D165,31046
0.000283091,0,D1_66,FPCP S,,,66,515rcbc66,GAAGAGGGTTGA,Flint,Ferric Pyrophosphate,Swab,PEX,7.7,7,7,GSC22411-D166,24727
0,0.002345264,D1_67,F2AC S,,,67,515rcbc67,TGAGTGGTCTGT,Flint,Ferrous Chloride,Swab,Copper,2300,950,700,GSC22412-D167,19614
0,0.006730725,D1_69,F2CC S,,,69,515rcbc69,ACGACGCATTTG,Flint,Ferrous Chloride,Swab,Copper,2300,950,700,GSC22414-D169,21543
0.000573436,7.17E-05,D1_70,F2AP S,,,70,515rcbc70,TATCCAAGCGCA,Flint,Ferrous Chloride,Swab,PEX,86,40,25,GSC22415-D170,41853
0.000295271,0.000463998,D1_71,F2BP S,,,71,515rcbc71,AGAGCCAAGAGC,Flint,Ferrous Chloride,Swab,PEX,86,40,25,GSC22416-D171,47414
0.000535288,0.000638228,D1_72,F2CP S,,,72,515rcbc72,GGTGAGCAAGCA,Flint,Ferrous Chloride,Swab,PEX,86,40,25,GSC22417-D172,48572
0,0.006175849,D1_73,F3AC S,,,73,515rcbc73,TAAATATACCCT,Flint,Ferric Chloride,Swab,Copper,2200,680,700,GSC22418-D173,12306
0,0.013023664,D1_74,F3BC S,,,74,515rcbc74,TTGCGGACCCTA,Flint,Ferric Chloride,Swab,Copper,2200,680,700,GSC22419-D174,47836
0,0.004879301,D1_75,F3CC S,,,75,515rcbc75,GTCGTCCAAATG,Flint,Ferric Chloride,Swab,Copper,2200,680,700,GSC22420-D175,15576
0,0.004631931,D1_76,F3AP S,,,76,515rcbc76,TGCACAGTCGCT,Flint,Ferric Chloride,Swab,PEX,11,8.2,7,GSC22421-D176,50303
0,0,D1_78,F3CP S,,,78,515rcbc78,GGTTCATGAACA,Flint,Ferric Chloride,Swab,PEX,11,8.2,7,GSC22423-D178,18953
0,0,D1_79,DXAC S,,,79,515rcbc79,TAACAATAATTC,Detroit,None added,Swab,Copper,1300,130,130,GSC22424-D179,8439
0,0,D1_81,DXCC S,,,81,515rcbc81,GCTCGAAGATTC,Detroit,None added,Swab,Copper,1300,130,130,GSC22426-D181,28134
0.001715048,0,D1_82,DXAP S,,,82,515rcbc82,TATTTGATTGGT,Detroit,None added,Swab,PEX,52,15,25,GSC22427-D182,47229
0.001885326,0.001309654,D1_83,DXBP S,,,83,515rcbc83,TGTCAAAGTGAC,Detroit,None added,Swab,PEX,52,15,25,GSC22428-D183,69484
0.001519337,0.000138122,D1_84,DXCP S,,,84,515rcbc84,CTATGTATTAGT,Detroit,None added,Swab,PEX,52,15,25,GSC22429-D184,50680
0,0.001311452,D1_85,DFAC S,,,85,515rcbc85,ACTCCCGTGTGA,Detroit,Ferric Pyrophosphate,Swab,Copper,1300,130,130,GSC22430-D185,28213
0,0,D1_86,DFBC S,,,86,515rcbc86,CGGTATAGCAAT,Detroit,Ferric Pyrophosphate,Swab,Copper,1300,130,130,GSC22431-D186,39560
0,0,D1_87,DFCC S,,,87,515rcbc87,GACTCTGCTCAG,Detroit,Ferric Pyrophosphate,Swab,Copper,1300,130,130,GSC22432-D187,24662
0.000255156,6.38E-05,D1_88,DFAP S,,,88,515rcbc88,GTCATGCTCCAG,Detroit,Ferric Pyrophosphate,Swab,PEX,120,20,25,GSC22433-D188,47030
0.000739098,0,D1_89,DFBP S,,,89,515rcbc89,TACCGAAGGTAT,Detroit,Ferric Pyrophosphate,Swab,PEX,120,20,25,GSC22434-D189,28413
0.001111149,0.000119662,D1_90,DFCP S,,,90,515rcbc90,TGAGTATGAGTA,Detroit,Ferric Pyrophosphate,Swab,PEX,120,20,25,GSC22435-D190,58498
0,0,D1_91,FlintInfJuly,,,91,515rcbc91,AATGGTTCAGCA,Flint,NA,NA,NA,NA,NA,NA,GSC22436-D191,46722
0,0.002815825,D1_92,DetroitInfJuly,,,92,515rcbc92,GAACCAGTACTC,Detroit,NA,NA,NA,NA,NA,NA,GSC22437-D192,70672
0,0,D1_93,FlintInfOct,,,93,515rcbc93,CGCACCCATACA,Flint,NA,NA,NA,NA,NA,NA,GSC22438-D193,13288
0,0.000500275,D1_95,DXCC F,9.963602225,0,95,515rcbc95,ACTCTTACTTAG,Detroit,None added,Filter,Copper,1300,130,130,GSC22440-D195,39978
0.000868144,0.000868144,D1_96,DXAP F,4.766271114,118.7361876,96,515rcbc96,CTACAGGGTCTC,Detroit,None added,Filter,PEX,52,15,25,GSC22441-D196,39164
0,0.000280998,D1_97,DFCC F,88.47353935,6634.918467,97,515rcbc97,CTTGGAGGCTTA,Detroit,Ferric Pyrophosphate,Filter,Copper,1300,130,130,GSC22442-D197,42705
0.000245499,0.000136388,D1_98,DFAP F,6.071259975,333.4475835,98,515rcbc98,TATCATATTACG,Detroit,Ferric Pyrophosphate,Filter,PEX,120,20,25,GSC22443-D198,36660
0,0.002655429,D1_99,FPBC S,,,99,515rcbc99,CTATATTATCCG,Flint,Ferric Pyrophosphate,Swab,Copper,1900,680,700,GSC22444-D199,17323
0,0,D1_100,FPCC S,,,100,515rcbc100,ACCGAACAATCC,Flint,Ferric Pyrophosphate,Swab,Copper,1900,680,700,GSC22445-D1100,35695
0.00055437,0.000471214,D1_101,FPAP S,,,101,515rcbc101,ACGGTACCCTAC,Flint,Ferric Pyrophosphate,Swab,PEX,7.7,7,7,GSC22446-D1101,36077
0,0.006719914,D1_102,F2BC S,,,102,515rcbc102,TGAGTCATTGAG,Flint,Ferrous Chloride,Swab,Copper,2300,950,700,GSC22447-D1102,26042
0.000239777,0.001918214,D1_103,F3BP S,,,103,515rcbc103,ACCTACTTGTCT,Flint,Ferric Chloride,Swab,PEX,11,8.2,7,GSC22448-D1103,45876
0,0,D1_105,DXBC S,,,105,515rcbc105,CTCTGAGGTAAC,Detroit,None added,Swab,Copper,1300,130,130,GSC22450-D1105,14650
0,0,D1_106,DetroitInfOCt,,,106,515rcbc106,CATGTCTTCCAT,Detroit,NA,NA,NA,NA,NA,NA,GSC22451-D1106,15017
